title,price,link_item,index_,discount_idx,discount_percent_list,countReviews,type,category,official_idx,official
Sách - Ngày tận thế: Lời tiên tri về tương lai và thế giới (Nhã Nam HCM),154.980 ₫,https://www.lazada.vn/products/sach-ngay-tan-the-loi-tien-tri-ve-tuong-lai-va-the-gioi-nha-nam-hcm-i2473077378.html,1,1,18% Off,Hồ Chí Minh,lazada,book,1,Official
Sách Muốn Thành Công Nói Không Với Trì Hoãn: 21 Nguyên Tắc Vàng Đập Tan Sự Trì Hoãn - BIZBOOKS,72.000 ₫,https://www.lazada.vn/products/sach-muon-thanh-cong-noi-khong-voi-tri-hoan-21-nguyen-tac-vang-dap-tan-su-tri-hoan-bizbooks-i1828128999.html,2,2,25% Off,"39 Đã bán
(6)
Hà Nội",lazada,book,2,Official
"Sách - Fly me to the moon tập 1 - Tóm lại là em dễ thương, được chưa (tập 1)",50.000 ₫,https://www.lazada.vn/products/sach-fly-me-to-the-moon-tap-1-tom-lai-la-em-de-thuong-duoc-chua-tap-1-i1922196783.html,3,3,9% Off,"93 Đã bán
(33)
Hà Nội",lazada,book,3,
Sách - Tĩnh Lặng - Thaihabooks,52.440 ₫,https://www.lazada.vn/products/sach-tinh-lang-thaihabooks-i622386875.html,4,4,24% Off,"355 Đã bán
(59)
Hồ Chí Minh",lazada,book,4,Official
Sách - The Outsider - Kẻ Song Trùng - Stephen King,237.300 ₫,https://www.lazada.vn/products/sach-the-outsider-ke-song-trung-stephen-king-i2280952008.html,5,5,30% Off,"24 Đã bán
(8)
Hồ Chí Minh",lazada,book,5,Official
Sách Chuẩn Bị Bài Nói Chuyện Từ Trang Giấy Trắng,102.000 ₫,https://www.lazada.vn/products/sach-chuan-bi-bai-noi-chuyen-tu-trang-giay-trang-i2616873658.html,6,6,,"(1)
Hà Nội",lazada,book,6,Official
Sách - Thư cho em (Hoàng Nam Tiến) (Nhã Nam HCM),114.800 ₫,https://www.lazada.vn/products/sach-thu-cho-em-hoang-nam-tien-nha-nam-hcm-i2596980837.html,7,7,18% Off,"58 Đã bán
(6)
Hồ Chí Minh",lazada,book,7,Official
Sách - Kỷ luật bản thân,132.300 ₫,https://www.lazada.vn/products/sach-ky-luat-ban-than-i1945478952.html,8,8,30% Off,"127 Đã bán
(27)
Hà Nội",lazada,book,8,Official
Sách NXB Trẻ - NHỮNG BỨC DI THƯ THÀNH CỔ,104.000 ₫,https://www.lazada.vn/products/sach-nxb-tre-nhung-buc-di-thu-thanh-co-i2003911865.html,9,9,20% Off,"17 Đã bán
(2)
Đà Nẵng",lazada,book,9,
Sách -Luật Tâm Thức,70.000 ₫,https://www.lazada.vn/products/sach-luat-tam-thuc-i2212574113.html,10,10,50% Off,"118 Đã bán
(28)
Hà Nội",lazada,book,10,
Sách - Liễu phàm tứ huấn - Thaihabooks,44.840 ₫,https://www.lazada.vn/products/sach-lieu-pham-tu-huan-thaihabooks-i622412410.html,11,11,24% Off,"463 Đã bán
(76)
Hồ Chí Minh",lazada,book,11,Official
Sống Đơn Giản Cho Mình Thanh Thản,64.600 ₫,https://www.lazada.vn/products/song-don-gian-cho-minh-thanh-than-i451990233.html,12,12,24% Off,"204 Đã bán
(38)
Hồ Chí Minh",lazada,book,12,Official
Sách - Quân Vương (Nhã Nam HCM),55.760 ₫,https://www.lazada.vn/products/sach-quan-vuong-nha-nam-hcm-i1940145457.html,13,13,18% Off,"161 Đã bán
(47)
Hồ Chí Minh",lazada,book,13,Official
[HCM]Bồi Dưỡng Học Sinh Giỏi Tiếng Anh Lớp 9 Theo Chuyên Đề,67.000 ₫,https://www.lazada.vn/products/hcmboi-duong-hoc-sinh-gioi-tieng-anh-lop-9-theo-chuyen-de-i631206746.html,14,14,38% Off,"20 Đã bán
(4)
Hồ Chí Minh",lazada,book,14,Official
Combo 2 Cuốn Sức Khỏe Trong Tay Bạn,159.600 ₫,https://www.lazada.vn/products/combo-2-cuon-suc-khoe-trong-tay-ban-i622398550.html,15,15,24% Off,"74 Đã bán
(18)
Hồ Chí Minh",lazada,book,15,Official
Kỷ luật bản thân - Peg Dawson & Richard Guare (1980BOOKS HCM),132.300 ₫,https://www.lazada.vn/products/ky-luat-ban-than-peg-dawson-richard-guare-1980books-hcm-i2074021523.html,16,16,30% Off,"49 Đã bán
(13)
Hồ Chí Minh",lazada,book,16,Official
Cuốn sách Giáo Trình Hán Ngữ 4 - Tập 2 Quyển Hạ (Phiên Bản Mới - App),76.000 ₫,https://www.lazada.vn/products/cuon-sach-giao-trinh-han-ngu-4-tap-2-quyen-ha-phien-ban-moi-app-i1236475841.html,17,17,28% Off,"38 Đã bán
(9)
Hà Nội",lazada,book,17,
Sách - Lũ trẻ đường tàu (Nhã Nam HCM),69.700 ₫,https://www.lazada.vn/products/sach-lu-tre-duong-tau-nha-nam-hcm-i2368442166.html,18,18,18% Off,"19 Đã bán
(6)
Hồ Chí Minh",lazada,book,18,Official
Sách - Nước Ép Trị Liệu Và Chế Độ Ăn Theo Phương Pháp Cơ Thể Tự Chữa Lành,139.300 ₫,https://www.lazada.vn/products/sach-nuoc-ep-tri-lieu-va-che-do-an-theo-phuong-phap-co-the-tu-chua-lanh-i2224913706.html,19,19,30% Off,"13 Đã bán
(2)
Hà Nội",lazada,book,19,Official
Sách - Gi Gỉ Gì Gi Cái Gì Cũng Biết - Dành Cho Lớp 2 (Nhã Nam HCM),89.380 ₫,https://www.lazada.vn/products/sach-gi-gi-gi-gi-cai-gi-cung-biet-danh-cho-lop-2-nha-nam-hcm-i1448452339.html,20,20,18% Off,"24 Đã bán
(4)
Hồ Chí Minh",lazada,book,20,Official
SÁCH - Chủ Nghĩa Khắc Kỷ - Phong Cách Sống Bản Lĩnh Và Bình Thản - Thaihabooks,113.240 ₫,https://www.lazada.vn/products/sach-chu-nghia-khac-ky-phong-cach-song-ban-linh-va-binh-than-thaihabooks-i566524625.html,21,21,24% Off,"402 Đã bán
(76)
Hồ Chí Minh",lazada,book,21,Official
Sách - Chú bé mang pyjama sọc (TB 2023) (Nhã Nam HCM),64.780 ₫,https://www.lazada.vn/products/sach-chu-be-mang-pyjama-soc-tb-2023-nha-nam-hcm-i2179864063.html,22,22,18% Off,"256 Đã bán
(67)
Hồ Chí Minh",lazada,book,22,Official
Sách - Người tình Sputnik (TB 2021) (Nhã Nam HCM),70.520 ₫,https://www.lazada.vn/products/sach-nguoi-tinh-sputnik-tb-2021-nha-nam-hcm-i1501408528.html,23,23,18% Off,"112 Đã bán
(27)
Hồ Chí Minh",lazada,book,23,Official
Cây Brooklyn xanh biếc - Betty Smith (1980BOOKS HCM),188.300 ₫,https://www.lazada.vn/products/cay-brooklyn-xanh-biec-betty-smith-1980books-hcm-i2092045358.html,24,24,30% Off,"21 Đã bán
(6)
Hồ Chí Minh",lazada,book,24,Official
Sách - Gieo trồng Hạnh Phúc - Thaihabooks,67.640 ₫,https://www.lazada.vn/products/sach-gieo-trong-hanh-phuc-thaihabooks-i622380858.html,25,25,24% Off,"255 Đã bán
(35)
Hồ Chí Minh",lazada,book,25,Official
Khiêu Vũ Với Ngòi Bút,110.200 ₫,https://www.lazada.vn/products/khieu-vu-voi-ngoi-but-i622444028.html,26,26,24% Off,"77 Đã bán
(13)
Hồ Chí Minh",lazada,book,26,Official
Sách - Quái vật trong quán đồ nướng (Nhã Nam HCM),129.560 ₫,https://www.lazada.vn/products/sach-quai-vat-trong-quan-do-nuong-nha-nam-hcm-i2371875334.html,27,27,18% Off,"25 Đã bán
(9)
Hồ Chí Minh",lazada,book,27,Official
Sách Phụ Nữ Hơn Nhau Ở Khí Chất (Tái Bản),50.000 ₫,https://www.lazada.vn/products/sach-phu-nu-hon-nhau-o-khi-chat-tai-ban-i2383768518.html,28,28,50% Off,"11 Đã bán
(3)
Hà Nội",lazada,book,28,
Sách - Điều Đẹp Nhất Có Khi Là Buông Tay,57.500 ₫,https://www.lazada.vn/products/sach-dieu-dep-nhat-co-khi-la-buong-tay-i2098124947.html,29,29,20% Off,"9 Đã bán
(1)
Hà Nội",lazada,book,29,Official
Sách - Combo 2 Cuốn Gã Hề Ma Quái (Bản Thường),209.300 ₫,https://www.lazada.vn/products/sach-combo-2-cuon-ga-he-ma-quai-ban-thuong-i2422332607.html,30,30,30% Off,"11 Đã bán
(3)
Hồ Chí Minh",lazada,book,30,Official
Sách - Bà Nội Găngxtơ (Nhã Nam HCM),61.500 ₫,https://www.lazada.vn/products/sach-ba-noi-gangxto-nha-nam-hcm-i640786904.html,31,31,18% Off,"114 Đã bán
(18)
Hồ Chí Minh",lazada,book,31,Official
"Ung Thư Không Phải Là Bệnh, Mà Là Cơ Chế Chữaa Lành",143.640 ₫,https://www.lazada.vn/products/ung-thu-khong-phai-la-benh-ma-la-co-che-chuaa-lanh-i622410513.html,32,32,24% Off,"241 Đã bán
(44)
Hồ Chí Minh",lazada,book,32,Official
Sách - Lịch vạn sự năm 2024,28.000 ₫,https://www.lazada.vn/products/sach-lich-van-su-nam-2024-i2493887037.html,33,33,7% Off,"44 Đã bán
(6)
Hà Nội",lazada,book,33,Official
"PHƯƠNG PHÁP HỌC TẬP FEYNMAN: 5 BƯỚC GIÚP BẠN HỌC NHANH, NHỚ LÂU, TIẾN BỘ VƯỢT BẬC - Âm Hồng Tín, Lý Vĩ - Ymate dịch - Ymate Books - Nhà xuất bản Dân Trí.",122.000 ₫,https://www.lazada.vn/products/phuong-phap-hoc-tap-feynman-5-buoc-giup-ban-hoc-nhanh-nho-lau-tien-bo-vuot-bac-am-hong-tin-ly-vi-ymate-dich-ymate-books-nha-xuat-ban-dan-tri-i2627028365.html,34,34,,Hà Nội,lazada,book,34,Official
Cuốn sách Tự Học Tiếng Hàn Dành Cho Người Mới Bắt Đầu (Kèm Tải App) (Tái Bản) - Tác giả The Changmi,69.000 ₫,https://www.lazada.vn/products/cuon-sach-tu-hoc-tieng-han-danh-cho-nguoi-moi-bat-dau-kem-tai-app-tai-ban-tac-gia-the-changmi-i1236473756.html,35,35,30% Off,"21 Đã bán
(7)
Hà Nội",lazada,book,35,
"Sách: Nhật Ký Trong Tù, Hồ Chí Minh (TB)",64.000 ₫,https://www.lazada.vn/products/sach-nhat-ky-trong-tu-ho-chi-minh-tb-i105864972.html,36,36,20% Off,"68 Đã bán
(12)
Hà Nội",lazada,book,36,Official
Cơ Sở Văn Hoá Việt Nam - Bản Mới,120.000 ₫,https://www.lazada.vn/products/co-so-van-hoa-viet-nam-ban-moi-i2497170173.html,37,37,14% Off,"11 Đã bán
(8)
Hồ Chí Minh",lazada,book,37,Official
NXBHCM - Sách Khóc Thầm - Cha Con Nghĩa Nặng - Hồ Biểu Chánh,88.000 ₫,https://www.lazada.vn/products/nxbhcm-sach-khoc-tham-cha-con-nghia-nang-ho-bieu-chanh-i1845015912.html,38,38,20% Off,"13 Đã bán
(3)
Hồ Chí Minh",lazada,book,38,Official
Sách - Trưởng Thành Sau Ngàn Lần Tranh Đấu,77.900 ₫,https://www.lazada.vn/products/sach-truong-thanh-sau-ngan-lan-tranh-dau-i640784899.html,39,39,18% Off,"64 Đã bán
(16)
Hồ Chí Minh",lazada,book,39,Official
Nghệ Thuật Nói Trước Công Chúng,128.000 ₫,https://www.lazada.vn/products/nghe-thuat-noi-truoc-cong-chung-i2624000881.html,40,40,,"(1)
Hà Nội",lazada,book,40,Official
Sách - Plato Và Con Thú Mỏ Vịt Bước Vào Quán Bar (Nhã Nam),82.000 ₫,https://www.lazada.vn/products/sach-plato-va-con-thu-mo-vit-buoc-vao-quan-bar-nha-nam-i640808493.html,1,1,18% Off,"89 Đã bán
(16)
Hồ Chí Minh",lazada,book,1,Official
Sách - Thương ai đừng đợi đến ngày mai,64.970 ₫,https://www.lazada.vn/products/sach-thuong-ai-dung-doi-den-ngay-mai-i1244778388.html,2,2,27% Off,"12 Đã bán
(4)
Hà Nội",lazada,book,2,Official
Mãi Mãi Là Bao Xa - On,67.500 ₫,https://www.lazada.vn/products/mai-mai-la-bao-xa-on-i2541688591.html,3,3,50% Off,Hà Nội,lazada,book,3,
Sách - Kỹ Thuật Móc Len Sợi Căn Bản - VT - Newshop,51.620 ₫,https://www.lazada.vn/products/sach-ky-thuat-moc-len-soi-can-ban-vt-newshop-i1467767039.html,4,4,11% Off,"(0)
Hồ Chí Minh",lazada,book,4,Official
Sách Tên Gọi Khác Của Tình Yêu - Vanlangbooks,71.250 ₫,https://www.lazada.vn/products/sach-ten-goi-khac-cua-tinh-yeu-vanlangbooks-i2458149453.html,5,5,25% Off,Hồ Chí Minh,lazada,book,5,Official
Sách - Nguyễn Du - Truyện Thúy Kiều (bản đặc biệt) (bìa mềm),60.000 ₫,https://www.lazada.vn/products/sach-nguyen-du-truyen-thuy-kieu-ban-dac-biet-bia-mem-i1424964858.html,6,6,25% Off,"28 Đã bán
(4)
Hà Nội",lazada,book,6,
Sách - Combo 3 cuốn Truth vs Falsehood + Healing and Recovery + Power vs Force - Thaihabooks,529.720 ₫,https://www.lazada.vn/products/sach-combo-3-cuon-truth-vs-falsehood-healing-and-recovery-power-vs-force-thaihabooks-i2381608838.html,7,7,24% Off,"(1)
Hồ Chí Minh",lazada,book,7,Official
Sách - Combo Tạm Biệt Tôi Của Nhiều Năm Về Trước + Hẹn Nhau Phía Sau Tan Vỡ + Gửi Ngày Mai Một Lời Chào (Bộ 3 Cuốn) - AZ - Newshop,227.140 ₫,https://www.lazada.vn/products/sach-combo-tam-biet-toi-cua-nhieu-nam-ve-truoc-hen-nhau-phia-sau-tan-vo-gui-ngay-mai-mot-loi-chao-bo-3-cuon-az-newshop-i2500103528.html,8,8,18% Off,Hồ Chí Minh,lazada,book,8,Official
Rất nhớ rất nhớ anh - Mặc Bảo Phi Bảo,65.000 ₫,https://www.lazada.vn/products/rat-nho-rat-nho-anh-mac-bao-phi-bao-i2522452749.html,9,9,50% Off,"15 Đã bán
(3)
Hà Nội",lazada,book,9,
Sách - Ai dám bảo rom-com không có ngoài đời thực? Tập 4,103.000 ₫,https://www.lazada.vn/products/sach-ai-dam-bao-rom-com-khong-co-ngoai-doi-thuc-tap-4-i2623136316.html,10,10,20% Off,"10 Đã bán
(4)
Hà Nội",lazada,book,10,
OSHO - Cuộc hành hương nội tại (1980BOOKS HCM),118.300 ₫,https://www.lazada.vn/products/osho-cuoc-hanh-huong-noi-tai-1980books-hcm-i2098539388.html,11,11,30% Off,"12 Đã bán
(3)
Hồ Chí Minh",lazada,book,11,Official
Sách Tôi là nhện đấy có sao không tập 6,139.000 ₫,https://www.lazada.vn/products/sach-toi-la-nhen-day-co-sao-khong-tap-6-i2224454333.html,12,12,,"15 Đã bán
(5)
Hồ Chí Minh",lazada,book,12,Official
Sách – Tiếng Trung Dành Cho Người Đi Du Lịch (MT) – Newshop,52.920 ₫,https://www.lazada.vn/products/sach-tieng-trung-danh-cho-nguoi-di-du-lich-mt-newshop-i2089499931.html,13,13,16% Off,Hồ Chí Minh,lazada,book,13,Official
"Quán Gió - Hai Jim,Hai Jim,Ngọc Giao",66.000 ₫,https://www.lazada.vn/products/quan-gio-hai-jimhai-jimngoc-giao-i232054911.html,14,14,,Hồ Chí Minh,lazada,book,14,Official
Tấn bi kịch Y,81.600 ₫,https://www.lazada.vn/products/tan-bi-kich-y-i640958837.html,15,15,15% Off,Hồ Chí Minh,lazada,book,15,Official
Sách - Search Inside Yourself - Tạo Ra Lợi Nhuận Vượt Qua Đại Dương Và Thay Đổi Thế Giới - Thaihabooks,113.240 ₫,https://www.lazada.vn/products/sach-search-inside-yourself-tao-ra-loi-nhuan-vuot-qua-dai-duong-va-thay-doi-the-gioi-thaihabooks-i624528899.html,16,16,24% Off,"349 Đã bán
(60)
Hồ Chí Minh",lazada,book,16,Official
Sách - Giết con chim nhại,60.000 ₫,https://www.lazada.vn/products/sach-giet-con-chim-nhai-i2587761561.html,17,17,44% Off,Hà Nội,lazada,book,17,
Thích Nhất Hạnh- Từng Bước Nở Hoa Sen,50.000 ₫,https://www.lazada.vn/products/thich-nhat-hanh-tung-buoc-no-hoa-sen-i2214645407.html,18,18,33% Off,"117 Đã bán
(23)
Hà Nội",lazada,book,18,
NXB Trẻ - THẰNG QUỶ NHỎ: truyện dài (Nguyễn Nhật Ánh),59.500 ₫,https://www.lazada.vn/products/nxb-tre-thang-qu-nho-truyen-dai-nguyen-nhat-anh-i1683135695.html,19,19,46% Off,"(1)
Hà Nội",lazada,book,19,Official
Sách - Bước Chậm Lại Giữa Thế Gian Vội Vã,69.700 ₫,https://www.lazada.vn/products/sach-buoc-cham-lai-giua-the-gian-voi-va-i640830293.html,20,20,18% Off,"954 Đã bán
(225)
Hồ Chí Minh",lazada,book,20,Official
Sách - Đối thoại với Mahavatar Babaji,55.300 ₫,https://www.lazada.vn/products/sach-doi-thoai-voi-mahavatar-babaji-i1489725719.html,21,21,30% Off,"54 Đã bán
(6)
Hà Nội",lazada,book,21,
Sách - Đắc Nhân Tâm (Dale Carnegie) - Tái Bản Mới Nhất 2023 - Sbooks,59.000 ₫,https://www.lazada.vn/products/sach-dac-nhan-tam-dale-carnegie-tai-ban-moi-nhat-2023-sbooks-i2198557074.html,22,22,31% Off,"1.6K Đã bán
(507)
Hồ Chí Minh",lazada,book,22,Official
Sách - Và Sao Không Thể Hết Yêu Em? - Thương 2 - Thìa Đầy Thơ (AZ) - Newshop,73.920 ₫,https://www.lazada.vn/products/sach-va-sao-khong-the-het-yeu-em-thuong-2-thia-day-tho-az-newshop-i2116894628.html,23,23,16% Off,"(2)
Hồ Chí Minh",lazada,book,23,Official
[XẢ KHO - Ố NGOẠI QUAN] Sách - Trời Đêm Những Vết Thương Xuyên Thấu,77.500 ₫,https://www.lazada.vn/products/xa-kho-o-ngoai-quan-sach-troi-dem-nhung-vet-thuong-xuyen-thau-i1562219610.html,24,24,40% Off,"37 Đã bán
(4)
Hồ Chí Minh",lazada,book,24,
Cuốn sách 3000 Từ Vựng Tiếng Hàn Theo Chủ Đề - Tác giả The Changmi,60.000 ₫,https://www.lazada.vn/products/cuon-sach-3000-tu-vung-tieng-han-theo-chu-de-tac-gia-the-changmi-i1236509715.html,25,25,29% Off,"18 Đã bán
(3)
Hà Nội",lazada,book,25,
Sách NXB Trẻ - Nguyễn Ngọc Tư. Cánh đồng bất tận,68.000 ₫,https://www.lazada.vn/products/sach-nxb-tre-nguyen-ngoc-tu-canh-dong-bat-tan-i1423036655.html,26,26,20% Off,"36 Đã bán
(11)
Đà Nẵng",lazada,book,26,
Sách - Bạch Dạ Hành (Nhã Nam HCM),171.380 ₫,https://www.lazada.vn/products/sach-bach-da-hanh-nha-nam-hcm-i1372467954.html,27,27,18% Off,"289 Đã bán
(76)
Hồ Chí Minh",lazada,book,27,Official
Sách NXB Trẻ - GỌI EM BẰNG TÊN ANH (Call Me By Your Name..),92.000 ₫,https://www.lazada.vn/products/sach-nxb-tre-goi-em-bang-ten-anh-call-me-by-your-name-i738454675.html,28,28,20% Off,"122 Đã bán
(37)
Hồ Chí Minh",lazada,book,28,Official
Sách - Chữ Yêu Là Trữ Tình,70.000 ₫,https://www.lazada.vn/products/sach-chu-yeu-la-tru-tinh-i2275737132.html,29,29,20% Off,"16 Đã bán
(4)
Hà Nội",lazada,book,29,Official
Sách - Hồng Danh Sám Hối - HT. Thích Trí Quảng,25.000 ₫,https://www.lazada.vn/products/sach-hong-danh-sam-hoi-ht-thich-tri-quang-i2493686808.html,30,30,,"15 Đã bán
(6)
Hồ Chí Minh",lazada,book,30,
Cuốn sách Giáo Trình Hán Ngữ Tập 1 - Quyển Thượng (Phiên Bản Mới - App) (Tái bản),82.000 ₫,https://www.lazada.vn/products/cuon-sach-giao-trinh-han-ngu-tap-1-quyen-thuong-phien-ban-moi-app-tai-ban-i1236640044.html,31,31,29% Off,"87 Đã bán
(23)
Hà Nội",lazada,book,31,
Sách - Hiệu Sách Nhỏ Ở Paris (Nhã Nam HCM),122.180 ₫,https://www.lazada.vn/products/sach-hieu-sach-nho-o-paris-nha-nam-hcm-i1585344307.html,32,32,18% Off,"60 Đã bán
(12)
Hồ Chí Minh",lazada,book,32,Official
Sách - Ma Đạo Tổ Sư (Tập 5) - AZVietNam,127.200 ₫,https://www.lazada.vn/products/sach-ma-dao-to-su-tap-5-azvietnam-i2640634632.html,33,33,20% Off,Hà Nội,lazada,book,33,Official
Sách - Giận ( bìa in nổi-Thích Nhất Hạnh ),55.000 ₫,https://www.lazada.vn/products/sach-gian-bia-in-noi-thich-nhat-hanh-i2162124814.html,34,34,50% Off,"282 Đã bán
(69)
Hà Nội",lazada,book,34,
Sách - Lạc Giữa Tần Số Không Người Nghe,69.000 ₫,https://www.lazada.vn/products/sach-lac-giua-tan-so-khong-nguoi-nghe-i2383220259.html,35,35,20% Off,"45 Đã bán
(12)
Hà Nội",lazada,book,35,Official
Sách - Tôi tài giỏi bạn cũng thế +Tặng kèm bookmark,110.000 ₫,https://www.lazada.vn/products/sach-toi-tai-gioi-ban-cung-the-tang-kem-bookmark-i1297383799.html,36,36,,"274 Đã bán
(60)
Hà Nội",lazada,book,36,
Sách - Nhà giả kim (TB 2020),64.780 ₫,https://www.lazada.vn/products/sach-nha-gia-kim-tb-2020-i640832127.html,37,37,18% Off,"1.6K Đã bán
(493)
Hồ Chí Minh",lazada,book,37,Official
Sách Sài Gòn - Ký Ức Vượt Thời Gian-Vanlangbooks,67.500 ₫,https://www.lazada.vn/products/sach-sai-gon-ky-uc-vuot-thoi-gian-vanlangbooks-i2339326768.html,38,38,25% Off,"(0)
Hồ Chí Minh",lazada,book,38,Official
"Sách 4 Cuốn: Đọc Vị Con Người, Pha Trò Dí Dỏm, Người Nói Vô Tâm, Sự Thông Minh Trong Hài Hước - Lẻ Cuốn Tuỳ Chọn",99.000 ₫,https://www.lazada.vn/products/sach-4-cuon-doc-vi-con-nguoi-pha-tro-di-dom-nguoi-noi-vo-tam-su-thong-minh-trong-hai-huoc-le-cuon-tuy-chon-i2597976039.html,39,39,21% Off,"6 Đã bán
(3)
Hà Nội",lazada,book,39,
Ăn Ít Để Khỏe,90.440 ₫,https://www.lazada.vn/products/an-it-de-khoe-i469210072.html,40,40,24% Off,"294 Đã bán
(49)
Hồ Chí Minh",lazada,book,40,Official
Sách - Vị Thần Của Những Quyết Định (Bìa Đen),61.000 ₫,https://www.lazada.vn/products/sach-vi-than-cua-nhung-quyet-dinh-bia-den-i1936023766.html,1,1,23% Off,"589 Đã bán
(138)
Hà Nội",lazada,book,1,Official
Combo sách - Trọn Bộ 6 Quyển Giáo Trình Hán Ngữ Phiên Bản Mới tái bản 2023,520.000 ₫,https://www.lazada.vn/products/combo-sach-tron-bo-6-quyen-giao-trinh-han-ngu-phien-ban-moi-tai-ban-2023-i1236602271.html,2,2,29% Off,"182 Đã bán
(50)
Hà Nội",lazada,book,2,
"Biết Ơn Đời , Đời Sẽ Thương Ta",39.000 ₫,https://www.lazada.vn/products/biet-on-doi-doi-se-thuong-ta-i2437462230.html,3,3,35% Off,"18 Đã bán
(4)
Hà Nội",lazada,book,3,
Sách - 38 Bức Thư Rockefeller Viết Cho Con Trai (Sbooks) - Newshop,115.920 ₫,https://www.lazada.vn/products/sach-38-buc-thu-rockefeller-viet-cho-con-trai-sbooks-newshop-i2521093676.html,4,4,16% Off,"17 Đã bán
(5)
Hồ Chí Minh",lazada,book,4,Official
"Sách - Nóng Giận Là Bản Năng, Tĩnh Lặng Là Bản Lĩnh",64.970 ₫,https://www.lazada.vn/products/sach-nong-gian-la-ban-nang-tinh-lang-la-ban-linh-i1244746415.html,5,5,27% Off,"47 Đã bán
(12)
Hà Nội",lazada,book,5,Official
Sách Giao Tiếp 360 Độ: Nghệ Thuật Ứng Biến Trong Mọi Tình Huống - Sách Phát Triển Bản Thân Bizbooks,125.000 ₫,https://www.lazada.vn/products/sach-giao-tiep-360-do-nghe-thuat-ung-bien-trong-moi-tinh-huong-sach-phat-trien-ban-than-bizbooks-i2623457045.html,6,6,24% Off,"(1)
Hà Nội",lazada,book,6,
"Sách - Ngày mai, ngày mai, và ngày mai nữa (Nhã Nam HCM)",212.380 ₫,https://www.lazada.vn/products/sach-ngay-mai-ngay-mai-va-ngay-mai-nua-nha-nam-hcm-i2554314122.html,7,7,18% Off,"5 Đã bán
Hồ Chí Minh",lazada,book,7,Official
Sách - Nuôi Dạy Bé Gái Từ 0 - 6 Tuổi - Thaihabooks,57.000 ₫,https://www.lazada.vn/products/sach-nuoi-day-be-gai-tu-0-6-tuoi-thaihabooks-i622436004.html,8,8,24% Off,"231 Đã bán
(36)
Hồ Chí Minh",lazada,book,8,Official
Thần Thoại Ai Cập ( TT ),166.000 ₫,https://www.lazada.vn/products/than-thoai-ai-cap-tt-i2486414096.html,9,9,17% Off,Hồ Chí Minh,lazada,book,9,Official
Sách - Sự trung thực của xác chết – ghi chép của một pháp y - Thaihabooks,75.240 ₫,https://www.lazada.vn/products/sach-su-trung-thuc-cua-xac-chet-ghi-chep-cua-mot-phap-y-thaihabooks-i1781104761.html,10,10,24% Off,"92 Đã bán
(12)
Hồ Chí Minh",lazada,book,10,Official
Từng có người yêu tôi như sinh mệnh,60.000 ₫,https://www.lazada.vn/products/tung-co-nguoi-yeu-toi-nhu-sinh-menh-i2544595668.html,11,11,49% Off,"16 Đã bán
(3)
Hà Nội",lazada,book,11,
Sách - Làm cha mẹ tỉnh thức - Thái Hà Books,105.000 ₫,https://www.lazada.vn/products/sach-lam-cha-me-tinh-thuc-thai-ha-books-i2300542834.html,12,12,24% Off,Hồ Chí Minh,lazada,book,12,
Sách - Spy room – Lớp học điệp viên 7: Hyoujin Monika,103.000 ₫,https://www.lazada.vn/products/sach-spy-room-lop-hoc-diep-vien-7-hyoujin-monika-i2620748409.html,13,13,20% Off,"7 Đã bán
(1)
Hà Nội",lazada,book,13,
Sách - Tập Viết Chữ Hán Theo Giáo Trình Hán Ngữ Phiên Bản Mới,69.000 ₫,https://www.lazada.vn/products/sach-tap-viet-chu-han-theo-giao-trinh-han-ngu-phien-ban-moi-i1236472775.html,14,14,30% Off,"73 Đã bán
(17)
Hà Nội",lazada,book,14,
Tiếng gọi nơi hoang dã (bìa cứng) - tái bản 2021,66.500 ₫,https://www.lazada.vn/products/tieng-goi-noi-hoang-da-bia-cung-tai-ban-2021-i1666502642.html,15,15,30% Off,"(2)
Hà Nội",lazada,book,15,
"Sách - Phía Nam Biên Giới, Phía Tây Mặt Trời",69.700 ₫,https://www.lazada.vn/products/sach-phia-nam-bien-gioi-phia-tay-mat-troi-i640822415.html,16,16,18% Off,"146 Đã bán
(28)
Hồ Chí Minh",lazada,book,16,Official
Sách - Cuốn Theo Chiều Gió Trọn Bộ 2 Tập (Bìa cứng),120.000 ₫,https://www.lazada.vn/products/sach-cuon-theo-chieu-gio-tron-bo-2-tap-bia-cung-i612186708.html,17,17,49% Off,"120 Đã bán
(28)
Hồ Chí Minh",lazada,book,17,Official
Sách - Tiếng thét câm lặng (Nhã Nam HCM),205.000 ₫,https://www.lazada.vn/products/sach-tieng-thet-cam-lang-nha-nam-hcm-i2596964384.html,18,18,18% Off,"5 Đã bán
(1)
Hồ Chí Minh",lazada,book,18,Official
Sách - 24 Nhân Cách Của Billy Milligan,188.300 ₫,https://www.lazada.vn/products/sach-24-nhan-cach-cua-billy-milligan-i2164430581.html,19,19,30% Off,"24 Đã bán
(4)
Hà Nội",lazada,book,19,Official
Sách - Mẹ Làm Gì Có Ước Mơ,68.000 ₫,https://www.lazada.vn/products/sach-me-lam-gi-co-uoc-mo-i2561878283.html,20,20,24% Off,Hà Nội,lazada,book,20,Official
Sách - Chiếc lư đồng mắt cua (Việt Nam danh tác) (Nhã Nam HCM),55.760 ₫,https://www.lazada.vn/products/sach-chiec-lu-dong-mat-cua-viet-nam-danh-tac-nha-nam-hcm-i1500900460.html,21,21,18% Off,"29 Đã bán
(3)
Hồ Chí Minh",lazada,book,21,Official
Sách - Combo Diện Chẩn ABC + Tuyển Tập Đồ Hình Diện Chẩn Điều Khiển Liệu Pháp Và Xoa Bóp Việt Nam + Diện Chẩn Điều Khiển Liệu Pháp + Ẩm Thực Dưỡng Sinh + Chữa Bệnh Bằng Đồ Hình Phản Chiếu Và Đồng Ứng (5 Cuốn) - Newshop,320.780 ₫,https://www.lazada.vn/products/sach-combo-dien-chan-abc-tuyen-tap-do-hinh-dien-chan-dieu-khien-lieu-phap-va-xoa-bop-viet-nam-dien-chan-dieu-khien-lieu-phap-am-thuc-duong-sinh-chua-benh-bang-do-hinh-phan-chieu-va-dong-ung-5-cuon-newshop-i1673375877.html,22,22,14% Off,"62 Đã bán
(13)
Hồ Chí Minh",lazada,book,22,Official
sách - Nhân Tố Enzyme - Minh Họa - Thaihabooks,67.640 ₫,https://www.lazada.vn/products/sach-nhan-to-enzyme-minh-hoa-thaihabooks-i622440029.html,23,23,24% Off,"74 Đã bán
(10)
Hồ Chí Minh",lazada,book,23,Official
"Vở luyện viết chữ Hán, vở viết các nét tiếng Trung 50 bộ thủ cơ bản",59.000 ₫,https://www.lazada.vn/products/vo-luyen-viet-chu-han-vo-viet-cac-net-tieng-trung-50-bo-thu-co-ban-i2164228815.html,24,24,14% Off,"26 Đã bán
(6)
Hà Nội",lazada,book,24,Official
Fahasa - Chúng Ta Sinh Ra Là Để Hạnh Phúc,62.560 ₫,https://www.lazada.vn/products/fahasa-chung-ta-sinh-ra-la-de-hanh-phuc-i2649131580.html,25,25,32% Off,Hồ Chí Minh,lazada,book,25,Official
"Truyện tranh - Mùa hạ, em và tôi ( Boxset 3 tập)",330.000 ₫,https://www.lazada.vn/products/truyen-tranh-mua-ha-em-va-toi-boxset-3-tap-i2606758483.html,26,26,,Hà Nội,lazada,book,26,
Tìm Hiểu Tính Cách Con Người Qua Bàn Tay,64.000 ₫,https://www.lazada.vn/products/tim-hieu-tinh-cach-con-nguoi-qua-ban-tay-i1493429540.html,27,27,20% Off,"74 Đã bán
(15)
Hà Nội",lazada,book,27,
Sách - 38 Bức Thư Rockefeller Gửi Cho Con Trai - SBOOKS,99.000 ₫,https://www.lazada.vn/products/sach-38-buc-thu-rockefeller-gui-cho-con-trai-sbooks-i2566010098.html,28,28,28% Off,"94 Đã bán
(43)
Hồ Chí Minh",lazada,book,28,Official
Sách - Chào Mừng Đến Lớp Học Đề Cao Thực Lực - Tập 7 - Bản Giới Hạn - Tặng Kèm Acrylic Plate Boy-Meet-Rival + ID Card Nhựa Cứng + Set 2 Bookmark Nhựa Trong + Box,290.000 ₫,https://www.lazada.vn/products/sach-chao-mung-den-lop-hoc-de-cao-thuc-luc-tap-7-ban-gioi-han-tang-kem-acrylic-plate-boy-meet-rival-id-card-nhua-cung-set-2-bookmark-nhua-trong-box-i2583116389.html,29,29,,"5 Đã bán
(0)
Hồ Chí Minh",lazada,book,29,Official
Sách TRANH GIA ĐÌNH GÃI NGỨA - Tuyển tập chúng ta rồi sẽ lớn - Quang Nino,117.777 ₫,https://www.lazada.vn/products/sach-tranh-gia-dinh-gai-ngua-tuyen-tap-chung-ta-roi-se-lon-quang-nino-i2635331801.html,30,30,,"9 Đã bán
(2)
Hà Nội",lazada,book,30,
Agatha Christie. Năm chú heo con,115.000 ₫,https://www.lazada.vn/products/agatha-christie-nam-chu-heo-con-i1713571768.html,31,31,,"10 Đã bán
(2)
Hồ Chí Minh",lazada,book,31,Official
Sách - Phần 1 Cuộc nổi dậy của cô nàng mọt sách Con gái của người lính III - Miya Kazuki,161.999 ₫,https://www.lazada.vn/products/sach-phan-1-cuoc-noi-day-cua-co-nang-mot-sach-con-gai-cua-nguoi-linh-iii-miya-kazuki-i2626767922.html,32,32,,"(2)
Hà Nội",lazada,book,32,
Sách-Tiệc Vườn,144.000 ₫,https://www.lazada.vn/products/sach-tiec-vuon-i2401203389.html,33,33,,"(1)
Hồ Chí Minh",lazada,book,33,Official
Sách - Ngôi thứ nhất số ít (Haruki Murakami) (Nhã Nam HCM),88.560 ₫,https://www.lazada.vn/products/sach-ngoi-thu-nhat-so-it-haruki-murakami-nha-nam-hcm-i2300327980.html,34,34,18% Off,"200 Đã bán
(38)
Hồ Chí Minh",lazada,book,34,Official
Sách - Khi Mọi Điểm Tựa Đều Mất - Newshop,90.160 ₫,https://www.lazada.vn/products/sach-khi-moi-diem-tua-deu-mat-newshop-i1666178843.html,35,35,8% Off,"6 Đã bán
(1)
Hồ Chí Minh",lazada,book,35,Official
Sách Cô nàng Shimotsuki trót phải lòng nhân vật nền - Tập 2 - Bản phổ thông và giới hạn - Light Novel - NXB Kim Đồng,105.000 ₫,https://www.lazada.vn/products/sach-co-nang-shimotsuki-trot-phai-long-nhan-vat-nen-tap-2-ban-pho-thong-va-gioi-han-light-novel-nxb-kim-dong-i2514177027.html,36,36,9% Off,Hà Nội,lazada,book,36,
Combo nuôi con không phải cuộc chiến,374.440 ₫,https://www.lazada.vn/products/combo-nuoi-con-khong-phai-cuoc-chien-i624562474.html,37,37,26% Off,"116 Đã bán
(18)
Hồ Chí Minh",lazada,book,37,Official
Tạp văn Nguyễn Ngọc Tư New 90% SBM2403,62.000 ₫,https://www.lazada.vn/products/tap-van-nguyen-ngoc-tu-new-90-sbm2403-i2228158808.html,38,38,,Hồ Chí Minh,lazada,book,38,
Sách - Chúa tể những chiếc nhẫn (Tập 2) - Hai tòa tháp,110.400 ₫,https://www.lazada.vn/products/sach-chua-te-nhung-chiec-nhan-tap-2-hai-toa-thap-i1497729472.html,39,39,20% Off,Hà Nội,lazada,book,39,Official
Bốn Mùa Cuộc Sống - Châm Ngôn Ngày Mới - Jim Rohn (TH),61.000 ₫,https://www.lazada.vn/products/bon-mua-cuoc-song-cham-ngon-ngay-moi-jim-rohn-th-i2493179109.html,40,40,19% Off,"(2)
Hồ Chí Minh",lazada,book,40,Official
"Sách - Nơi Nào Có Mẹ, Nơi Ấy Là Nhà - AZVietNam",57.600 ₫,https://www.lazada.vn/products/sach-noi-nao-co-me-noi-ay-la-nha-azvietnam-i2628720589.html,1,1,36% Off,Hà Nội,lazada,book,1,Official
Nước non vạn dặm Tập 3 - Từ Việt Bắc về Hà Nội,132.000 ₫,https://www.lazada.vn/products/nuoc-non-van-dam-tap-3-tu-viet-bac-ve-ha-noi-i2627952038.html,2,2,30% Off,"(1)
Hà Nội",lazada,book,2,Official
Sách - Nhật ký Đặng Thùy Trâm,72.000 ₫,https://www.lazada.vn/products/sach-nhat-ky-dang-thuy-tram-i1935526677.html,3,3,20% Off,"28 Đã bán
(7)
Hà Nội",lazada,book,3,Official
Truyện - Út quyên và tôi,43.000 ₫,https://www.lazada.vn/products/truyen-ut-quyen-va-toi-i2614131347.html,4,4,49% Off,"(1)
Hà Nội",lazada,book,4,
Sách - Cá hồi: Hành trình tỉnh thức (Nhã Nam HCM),81.180 ₫,https://www.lazada.vn/products/sach-ca-hoi-hanh-trinh-tinh-thuc-nha-nam-hcm-i2426557293.html,5,5,18% Off,"35 Đã bán
(9)
Hồ Chí Minh",lazada,book,5,Official
Tự Học Tiếng Trung Giao Tiếp Từ Con Số 0 Tập 1 + file nghe dạy . Tặng quà 25G qua mail,149.000 ₫,https://www.lazada.vn/products/tu-hoc-tieng-trung-giao-tiep-tu-con-so-0-tap-1-file-nghe-day-tang-qua-25g-qua-mail-i1348899532.html,6,6,26% Off,"58 Đã bán
(5)
Thái Bình",lazada,book,6,
NGƯỜI GIÀU NHẤT THÀNH BABYLON (Bìa cứng),64.000 ₫,https://www.lazada.vn/products/nguoi-giau-nhat-thanh-babylon-bia-cung-i2592416706.html,7,7,41% Off,"(1)
Hồ Chí Minh",lazada,book,7,Official
[HCM]Sách - Luyện Thi Hsk Cấp Tốc tập 2 (tương đương trình độ Cấp 3+4)có mp3 nghe +DVD quà tặng kho tài liệu 20G và kho đề thi thật qua các năm.,160.000 ₫,https://www.lazada.vn/products/hcmsach-luyen-thi-hsk-cap-toc-tap-2-tuong-duong-trinh-do-cap-34co-mp3-nghe-dvd-qua-tang-kho-tai-lieu-20g-va-kho-de-thi-that-qua-cac-nam-i1253936391.html,8,8,11% Off,"6 Đã bán
(1)
Hồ Chí Minh",lazada,book,8,
Sách NXB Trẻ - Harry Potter Kỳ Thư Phù Thủy,444.000 ₫,https://www.lazada.vn/products/sach-nxb-tre-harry-potter-ky-thu-phu-thuy-i2427061957.html,9,9,20% Off,"13 Đã bán
(5)
Hồ Chí Minh",lazada,book,9,Official
"Sách - Toán Học, Một Thiên Tiểu Thuyết (Nhã Nam)",90.200 ₫,https://www.lazada.vn/products/sach-toan-hoc-mot-thien-tieu-thuyet-nha-nam-i640806766.html,10,10,18% Off,"100 Đã bán
(23)
Hồ Chí Minh",lazada,book,10,Official
Sách - BẬT MÍ BÍ MẬT VỀ CƠ THỂ NGƯỜI - Bìa Mềm,75.000 ₫,https://www.lazada.vn/products/sach-bat-mi-bi-mat-ve-co-the-nguoi-bia-mem-i2545373098.html,11,11,,Hồ Chí Minh,lazada,book,11,Official
"ComBo Lê Thẩm Dương : Người Truyền cảm hứng, cảm xúc là kẻ thù số 1 ( 2 tập )",110.000 ₫,https://www.lazada.vn/products/combo-le-tham-duong-nguoi-truyen-cam-hung-cam-xuc-la-ke-thu-so-1-2-tap-i2038169598.html,12,12,,"36 Đã bán
(7)
Hà Nội",lazada,book,12,
Totto Chan Bên Cửa Sổ - Kuroyanagi Tetsuko,52.000 ₫,https://www.lazada.vn/products/totto-chan-ben-cua-so-kuroyanagi-tetsuko-i2541870120.html,13,13,42% Off,"18 Đã bán
(5)
Hà Nội",lazada,book,13,
Sách - Đồi Thỏ (TB 2023) (Nhã Nam HCM),138.580 ₫,https://www.lazada.vn/products/sach-doi-tho-tb-2023-nha-nam-hcm-i2419542241.html,14,14,18% Off,"9 Đã bán
(4)
Hồ Chí Minh",lazada,book,14,Official
"One-Punch Man: Cẩm Nang Anh Hùng (Tặng Kèm Sticker, Tranh Màu Và Bookmark PVC) - Tntmanga",50.000 ₫,https://www.lazada.vn/products/one-punch-man-cam-nang-anh-hung-tang-kem-sticker-tranh-mau-va-bookmark-pvc-tntmanga-i2170517758.html,15,15,,"15 Đã bán
(3)
Đồng Nai",lazada,book,15,
Sách - Hoàng Tử Bé (Tái Bản 2019),61.500 ₫,https://www.lazada.vn/products/sach-hoang-tu-be-tai-ban-2019-i640818228.html,16,16,18% Off,"754 Đã bán
(177)
Hồ Chí Minh",lazada,book,16,Official
ComBo Phát triển Bản Thân Kỹ Năng Quản Lý Thời Gian+Kỷ Luật Bản Thân,105.000 ₫,https://www.lazada.vn/products/combo-phat-trien-ban-than-ky-nang-quan-ly-thoi-gianky-luat-ban-than-i2611795523.html,17,17,48% Off,"14 Đã bán
(4)
Hà Nội",lazada,book,17,
Sách - Tớ Học Lập Trình - Làm quen Với Python (Nhã Nam HCM),86.100 ₫,https://www.lazada.vn/products/sach-to-hoc-lap-trinh-lam-quen-voi-python-nha-nam-hcm-i640804623.html,18,18,18% Off,"342 Đã bán
(86)
Hồ Chí Minh",lazada,book,18,Official
Làm Sạch Mạch Và Máu,67.640 ₫,https://www.lazada.vn/products/lam-sach-mach-va-mau-i622404611.html,19,19,24% Off,"342 Đã bán
(57)
Hồ Chí Minh",lazada,book,19,Official
Sách - Đèn nhỏ và những đứa con của biển (Nhã Nam HCM),129.560 ₫,https://www.lazada.vn/products/sach-den-nho-va-nhung-dua-con-cua-bien-nha-nam-hcm-i2502947647.html,20,20,18% Off,"19 Đã bán
(7)
Hồ Chí Minh",lazada,book,20,Official
Sách -Tư Duy Để Thắng - Dám Thất Bại (Tái Bản 2022) - NXB Trẻ,67.000 ₫,https://www.lazada.vn/products/sach-tu-duy-de-thang-dam-that-bai-tai-ban-2022-nxb-tre-i2627519897.html,21,21,,Hồ Chí Minh,lazada,book,21,Official
Sách - Anna Karenina (Tập 2) (Nhã Nam HCM),135.300 ₫,https://www.lazada.vn/products/sach-anna-karenina-tap-2-nha-nam-hcm-i2469536996.html,22,22,18% Off,"15 Đã bán
(3)
Hồ Chí Minh",lazada,book,22,Official
Sách - Mẹ Làm Gì Có Ước Mơ,71.000 ₫,https://www.lazada.vn/products/sach-me-lam-gi-co-uoc-mo-i2194194087.html,23,23,20% Off,"65 Đã bán
(15)
Hà Nội",lazada,book,23,Official
THẾ GIỚI KỲ BÍ - CHUYỆN CHƯA KỂ - CDTeam - MoonBooks - Nhà xuất bản Dân Trí.,98.000 ₫,https://www.lazada.vn/products/the-gioi-ky-bi-chuyen-chua-ke-cdteam-moonbooks-nha-xuat-ban-dan-tri-i2620213611.html,24,24,,Hà Nội,lazada,book,24,Official
Sách NXB Trẻ - CHO TÔI XIN MỘT VÉ ĐI TUỔI THƠ (PHIÊN BẢN MÀU ĐẶC BIỆT CÓ MINH HỌA),372.000 ₫,https://www.lazada.vn/products/sach-nxb-tre-cho-toi-xin-mot-ve-di-tuoi-tho-phien-ban-mau-dac-biet-co-minh-hoa-i1249680410.html,25,25,20% Off,"(1)
Hồ Chí Minh",lazada,book,25,Official
Những Tấm Lòng Cao Cả - Edmondo De Amicis,55.000 ₫,https://www.lazada.vn/products/nhung-tam-long-cao-ca-edmondo-de-amicis-i2528159400.html,26,26,50% Off,"(1)
Hà Nội",lazada,book,26,
Làm như chơi,39.900 ₫,https://www.lazada.vn/products/lam-nhu-choi-i2527429378.html,27,27,47% Off,"7 Đã bán
(5)
Hà Nội",lazada,book,27,
999 Lá Thư Gửi Cho Chính Mình (in màu Trọn bộ 2 tập),70.000 ₫,https://www.lazada.vn/products/999-la-thu-gui-cho-chinh-minh-in-mau-tron-bo-2-tap-i2160691405.html,28,28,50% Off,"41 Đã bán
(8)
Hà Nội",lazada,book,28,
Sách Giáo Trình Luyện Thi Năng Lực Tiếng Nhật Try N1 (Kèm 1 CD),58.500 ₫,https://www.lazada.vn/products/sach-giao-trinh-luyen-thi-nang-luc-tieng-nhat-try-n1-kem-1-cd-i1236541533.html,29,29,,"45 Đã bán
(11)
Hà Nội",lazada,book,29,
Combo Giáo trình Hán Ngữ Boya Trung Cấp - Học Kèm App Online,483.840 ₫,https://www.lazada.vn/products/combo-giao-trinh-han-ngu-boya-trung-cap-hoc-kem-app-online-i1315505509.html,30,30,28% Off,"30 Đã bán
(9)
Hồ Chí Minh",lazada,book,30,Official
Thiên Quan Tứ phúc tập 4 ( ZG ),129.000 ₫,https://www.lazada.vn/products/thien-quan-tu-phuc-tap-4-zg-i2455007654.html,31,31,19% Off,Hồ Chí Minh,lazada,book,31,Official
Hoá ra anh vẫn ở đây - Tân Di Ổ,69.000 ₫,https://www.lazada.vn/products/hoa-ra-anh-van-o-day-tan-di-o-i2525228030.html,32,32,37% Off,"24 Đã bán
(10)
Hà Nội",lazada,book,32,
[Combo 3 tập tiểu thuyết] NƯỚC NON VẠN DẶM: NỢ NƯỚC NỢ NON - LÊNH ĐÊNH BỐN BIỂN - TỪ VIỆT BẮC VỀ HÀ NỘI - Nguyễn Thế Kỷ - Liên Việt - NXB Văn Học.,490.000 ₫,https://www.lazada.vn/products/combo-3-tap-tieu-thuyet-nuoc-non-van-dam-no-nuoc-no-non-lenh-denh-bon-bien-tu-viet-bac-ve-ha-noi-nguyen-the-ky-lien-viet-nxb-van-hoc-i2628686916.html,33,33,,Hà Nội,lazada,book,33,Official
Trường Ca Trung Trung Đỉnh (Đá Và Em & Chàng Trai Bằng Đá) - Trung Trung Đỉnh,49.000 ₫,https://www.lazada.vn/products/truong-ca-trung-trung-dinh-da-va-em-chang-trai-bang-da-trung-trung-dinh-i1948646.html,34,34,,"(1)
Hồ Chí Minh",lazada,book,34,Official
Combo Bí Mật Và Thông Điệp Của Nước,135.280 ₫,https://www.lazada.vn/products/combo-bi-mat-va-thong-diep-cua-nuoc-i451862922.html,35,35,24% Off,"121 Đã bán
(23)
Hồ Chí Minh",lazada,book,35,Official
"Fahasa - Tục Ngữ, Ca Dao, Dân Ca Việt Nam (Tái Bản 2023)",88.000 ₫,https://www.lazada.vn/products/fahasa-tuc-ngu-ca-dao-dan-ca-viet-nam-tai-ban-2023-i2436417559.html,36,36,20% Off,"(2)
Hồ Chí Minh",lazada,book,36,Official
Sách - Biến Thể Của Cô Đơn (TRẺ) - Newshop,65.100 ₫,https://www.lazada.vn/products/sach-bien-the-cua-co-don-tre-newshop-i2629541573.html,37,37,7% Off,Hồ Chí Minh,lazada,book,37,Official
Truyện Kiều chú giải (bìa cứng) - tái bản 2021,119.000 ₫,https://www.lazada.vn/products/truyen-kieu-chu-giai-bia-cung-tai-ban-2021-i1666581349.html,38,38,32% Off,"24 Đã bán
(8)
Hà Nội",lazada,book,38,
Sách - Tứ Khố Toàn Thư Tam Mệnh Thông Hội - Thần Sát Bát Tự (tâp 1) - QB - Newshop,245.960 ₫,https://www.lazada.vn/products/sach-tu-kho-toan-thu-tam-menh-thong-hoi-than-sat-bat-tu-tap-1-qb-newshop-i2492353066.html,39,39,14% Off,Hồ Chí Minh,lazada,book,39,Official
Sách - Tam Thể (Tập 2) - Khu Rừng Đen Tối,180.000 ₫,https://www.lazada.vn/products/sach-tam-the-tap-2-khu-rung-den-toi-i1497789023.html,40,40,20% Off,"33 Đã bán
(5)
Hà Nội",lazada,book,40,Official
Bộ sách tiếng Trung luyện nhớ 4000 từ vựng và ví dụ cho người mới học ( gồm 3 cuốn),299.000 ₫,https://www.lazada.vn/products/bo-sach-tieng-trung-luyen-nho-4000-tu-vung-va-vi-du-cho-nguoi-moi-hoc-gom-3-cuon-i2478054116.html,1,1,25% Off,"18 Đã bán
(3)
Hà Nội",lazada,book,1,
Blue Period - Tập lẻ 1 2 3 4 5 6 7 8 9 10 11 (Tặng Kèm Bookmark + Card + Móc khóa) - Tntmanga,49.000 ₫,https://www.lazada.vn/products/blue-period-tap-le-1-2-3-4-5-6-7-8-9-10-11-tang-kem-bookmark-card-moc-khoa-tntmanga-i2276858470.html,2,2,6% Off,"7 Đã bán
(3)
Đồng Nai",lazada,book,2,
Sách - Nhật ký Đặng Thị Thùy Trâm (TB 2022) (Nhã Nam HCM),73.800 ₫,https://www.lazada.vn/products/sach-nhat-ky-dang-thi-thuy-tram-tb-2022-nha-nam-hcm-i1927743558.html,3,3,18% Off,"92 Đã bán
(24)
Hồ Chí Minh",lazada,book,3,Official
Sách - Con người và biểu tượng - Man and his symbols (Nhã Nam HCM),369.000 ₫,https://www.lazada.vn/products/sach-con-nguoi-va-bieu-tuong-man-and-his-symbols-nha-nam-hcm-i2126965998.html,4,4,18% Off,"90 Đã bán
(22)
Hồ Chí Minh",lazada,book,4,Official
Sách - Người Đài Bắc (Bạch Tiên Dũng) (Bìa cứng) - Nhã Nam,143.200 ₫,https://www.lazada.vn/products/sach-nguoi-dai-bac-bach-tien-dung-bia-cung-nha-nam-i2439583205.html,5,5,20% Off,"5 Đã bán
(1)
Hà Nội",lazada,book,5,Official
Ghi Chép Pháp Y - Những Cái Chết Bí Ẩn ( AZ ),100.000 ₫,https://www.lazada.vn/products/ghi-chep-phap-y-nhung-cai-chet-bi-an-az-i2468881408.html,6,6,20% Off,Hồ Chí Minh,lazada,book,6,Official
Sách - Hơi Thở Chữa Lành Thân Tâm - Richie Bostock,111.000 ₫,https://www.lazada.vn/products/sach-hoi-tho-chua-lanh-than-tam-richie-bostock-i2520197608.html,7,7,30% Off,"(1)
Hồ Chí Minh",lazada,book,7,
Sách - Ma Y Thần Tướng (QB) - Newshop,279.650 ₫,https://www.lazada.vn/products/sach-ma-y-than-tuong-qb-newshop-i1430669908.html,8,8,15% Off,"17 Đã bán
(5)
Hồ Chí Minh",lazada,book,8,Official
"Sách - Ăn chay healthy không lo thiếu chất – 7 ngày ăn xanh nâng cao sức khoẻ, dồi dào năng lượng - Thaihabooks",136.040 ₫,https://www.lazada.vn/products/sach-an-chay-healthy-khong-lo-thieu-chat-7-ngay-an-xanh-nang-cao-suc-khoe-doi-dao-nang-luong-thaihabooks-i2398404204.html,9,9,24% Off,"21 Đã bán
(4)
Hồ Chí Minh",lazada,book,9,Official
Sách - Những Mẩu Vụn Triết Học,147.000 ₫,https://www.lazada.vn/products/sach-nhung-mau-vun-triet-hoc-i2603536753.html,10,10,13% Off,Hồ Chí Minh,lazada,book,10,
Danh tác văn học Việt Nam - Tuyển tập Nam Cao bìa 135 (tái bản 2020),94.500 ₫,https://www.lazada.vn/products/danh-tac-van-hoc-viet-nam-tuyen-tap-nam-cao-bia-135-tai-ban-2020-i1584606774.html,11,11,30% Off,"10 Đã bán
(3)
Hà Nội",lazada,book,11,
Combo sách - Tiếng Hàn tổng hợp trung cấp 4 (Giáo trình + SBT) – đen trắng (phiên bản mới),184.000 ₫,https://www.lazada.vn/products/combo-sach-tieng-han-tong-hop-trung-cap-4-giao-trinh-sbt-den-trang-phien-ban-moi-i1236621227.html,12,12,30% Off,"(1)
Hà Nội",lazada,book,12,
Sách - Lũ trẻ hư nhất quả đất - Tập 2 (Bìa cứng) - Nhã Nam HCM,151.700 ₫,https://www.lazada.vn/products/sach-lu-tre-hu-nhat-qua-dat-tap-2-bia-cung-nha-nam-hcm-i1450783720.html,13,13,18% Off,"43 Đã bán
(8)
Hồ Chí Minh",lazada,book,13,Official
Sách - Siêu án mạng: Nỗi ưu phiền của các nhà văn trinh thám (Nhã Nam HCM),106.600 ₫,https://www.lazada.vn/products/sach-sieu-an-mang-noi-uu-phien-cua-cac-nha-van-trinh-tham-nha-nam-hcm-i2644942579.html,14,14,18% Off,"(1)
Hồ Chí Minh",lazada,book,14,Official
Sách - Giáo Khoa Căn Bản Môn Dịch Anh - Việt Việt - Anh - Trương Quang Phú,86.000 ₫,https://www.lazada.vn/products/sach-giao-khoa-can-ban-mon-dich-anh-viet-viet-anh-truong-quang-phu-i1220263044.html,15,15,,"12 Đã bán
(1)
Hồ Chí Minh",lazada,book,15,
Tranh Truyện Dân Gian Việt Nam - Mụ Lường (Tái Bản 2018),15.000 ₫,https://www.lazada.vn/products/tranh-truyen-dan-gian-viet-nam-mu-luong-tai-ban-2018-i225371659.html,16,16,,Hồ Chí Minh,lazada,book,16,Official
Sách - Đã Nhiều Năm Như Thế (Tập 2 - Bản Thường),140.000 ₫,https://www.lazada.vn/products/sach-da-nhieu-nam-nhu-the-tap-2-ban-thuong-i2451434488.html,17,17,15% Off,"(1)
Hà Nội",lazada,book,17,Official
Danh Tác Văn Học Việt Nam - Thi Nhân Việt Nam,55.000 ₫,https://www.lazada.vn/products/danh-tac-van-hoc-viet-nam-thi-nhan-viet-nam-i2128404764.html,18,18,,"19 Đã bán
(8)
Hà Nội",lazada,book,18,
Sách - Đại Việt Sử Ký Toàn Thư (Tái Bản 2020) - Mhbooks tặng sổ tay,265.000 ₫,https://www.lazada.vn/products/sach-dai-viet-su-ky-toan-thu-tai-ban-2020-mhbooks-tang-so-tay-i1211340646.html,19,19,,"87 Đã bán
(20)
Hà Nội",lazada,book,19,
Sách - Sự Thinh Lặng (Trinh Thám),45.000 ₫,https://www.lazada.vn/products/sach-su-thinh-lang-trinh-tham-i1434145561.html,20,20,49% Off,"19 Đã bán
(10)
Hà Nội",lazada,book,20,
Người Gác Đêm (Tái Bản),165.000 ₫,https://www.lazada.vn/products/nguoi-gac-dem-tai-ban-i1690653333.html,21,21,,Hà Nội,lazada,book,21,
"Chuyện Hà Nội, Khảo cứu về Hà Thành xưa và nay",64.500 ₫,https://www.lazada.vn/products/chuyen-ha-noi-khao-cuu-ve-ha-thanh-xua-va-nay-i1847302911.html,22,22,25% Off,Hà Nội,lazada,book,22,Official
Sách NXB Trẻ - Rebecca Yarros. Cánh Tư (Fourth Wing),252.000 ₫,https://www.lazada.vn/products/sach-nxb-tre-rebecca-yarros-canh-tu-fourth-wing-i2598494245.html,23,23,20% Off,"9 Đã bán
(2)
Đà Nẵng",lazada,book,23,
Sách - Raw Vegan – Sức Mạnh Chữa Lành Của Thực Vật,67.160 ₫,https://www.lazada.vn/products/sach-raw-vegan-suc-manh-chua-lanh-cua-thuc-vat-i1244924242.html,24,24,27% Off,"41 Đã bán
(7)
Hà Nội",lazada,book,24,Official
Sách - Sống như một cái cây - Tác giả Osamu Tanaka,59.000 ₫,https://www.lazada.vn/products/sach-song-nhu-mot-cai-cay-tac-gia-osamu-tanaka-i1766348957.html,25,25,9% Off,Hà Nội,lazada,book,25,
"Sách: Hà Nội 36 Phố Phường, Thạch Lam (TB)",50.000 ₫,https://www.lazada.vn/products/sach-ha-noi-36-pho-phuong-thach-lam-tb-i105864662.html,26,26,,"15 Đã bán
(3)
Hà Nội",lazada,book,26,Official
Ôn nhu cũng là quyến rũ,47.000 ₫,https://www.lazada.vn/products/on-nhu-cung-la-quyen-ru-i2590580208.html,27,27,47% Off,"(1)
Hà Nội",lazada,book,27,
trọn bộ 3 tập Muôn kiếp nhân sinh màu ( Bản to)tặng kèm MacBook,148.000 ₫,https://www.lazada.vn/products/tron-bo-3-tap-muon-kiep-nhan-sinh-mau-ban-totang-kem-macbook-i2169858227.html,28,28,50% Off,"757 Đã bán
(151)
Hà Nội",lazada,book,28,
Sách - Khu vườn bí mật (TB 2019) (Nhã Nam HCM),78.720 ₫,https://www.lazada.vn/products/sach-khu-vuon-bi-mat-tb-2019-nha-nam-hcm-i1735114949.html,29,29,18% Off,"151 Đã bán
(39)
Hồ Chí Minh",lazada,book,29,Official
Sách - Thả Một Bè Lau - Thích Nhất Hạnh,89.500 ₫,https://www.lazada.vn/products/sach-tha-mot-be-lau-thich-nhat-hanh-i2585174330.html,30,30,50% Off,"5 Đã bán
Hà Nội",lazada,book,30,
"Bộ Sách Một Tách Trà Thiền ( Thiền Là Một Nhành Hoa + Thiền Là Một Tách Trà, Tặng Kèm Nụ Cười Giác Ngộ ) - Á Châu Books, Bìa Mềm In Màu",299.000 ₫,https://www.lazada.vn/products/bo-sach-mot-tach-tra-thien-thien-la-mot-nhanh-hoa-thien-la-mot-tach-tra-tang-kem-nu-cuoi-giac-ngo-a-chau-books-bia-mem-in-mau-i1914844524.html,31,31,34% Off,"49 Đã bán
(17)
Hà Nội",lazada,book,31,Official
Sách Hạt Giống Tâm Hồn - Trọn Bộ 16 Tập,220.000 ₫,https://www.lazada.vn/products/sach-hat-giong-tam-hon-tron-bo-16-tap-i2415430347.html,32,32,,"51 Đã bán
(14)
Hà Nội",lazada,book,32,
Sách - Cây Cam Ngọt Của Tôi,83.160 ₫,https://www.lazada.vn/products/sach-cay-cam-ngot-cua-toi-i2289885568.html,33,33,23% Off,"21 Đã bán
(6)
Hồ Chí Minh",lazada,book,33,Official
Sách - Mã gien tội ác (Nhã Nam HCM,220.580 ₫,https://www.lazada.vn/products/sach-ma-gien-toi-ac-nha-nam-hcm-i2553004468.html,34,34,18% Off,Hồ Chí Minh,lazada,book,34,Official
Chuyện nhỏ trong thế giới lớn - EHGombrich,55.000 ₫,https://www.lazada.vn/products/chuyen-nho-trong-the-gioi-lon-ehgombrich-i2541802714.html,35,35,50% Off,"9 Đã bán
(5)
Hà Nội",lazada,book,35,
Sách - Như Sao Trời Ôm Lấy Đại Dương,69.000 ₫,https://www.lazada.vn/products/sach-nhu-sao-troi-om-lay-dai-duong-i2407952352.html,36,36,20% Off,"38 Đã bán
(10)
Hà Nội",lazada,book,36,Official
Sách - Ám Ảnh Đen (Trinh Thám),59.000 ₫,https://www.lazada.vn/products/sach-am-anh-den-trinh-tham-i1434226025.html,37,37,40% Off,"59 Đã bán
(35)
Hà Nội",lazada,book,37,
Sách - Ai Rồi Cũng Sẽ Bình Yên,49.000 ₫,https://www.lazada.vn/products/sach-ai-roi-cung-se-binh-yen-i2546604307.html,38,38,50% Off,"16 Đã bán
(6)
Hà Nội",lazada,book,38,
Sách - Lạc Giữa Tần Số Không Người Nghe (AZ) - Newshop,72.240 ₫,https://www.lazada.vn/products/sach-lac-giua-tan-so-khong-nguoi-nghe-az-newshop-i2392515412.html,39,39,16% Off,"17 Đã bán
(2)
Hồ Chí Minh",lazada,book,39,Official
Sách - Những chiếc ghế trong căn bếp nhỏ (Nhã Nam HCM),113.160 ₫,https://www.lazada.vn/products/sach-nhung-chiec-ghe-trong-can-bep-nho-nha-nam-hcm-i1736610507.html,40,40,18% Off,Hồ Chí Minh,lazada,book,40,Official
